{"cameraMode":{"drawMode":0,"name":"Shaded","section":"Shading Mode"},"sceneLighting":true,"audioPlay":false,"sceneViewState":{"showFog":true,"showMaterialUpdate":false,"showSkybox":true,"showFlares":true,"showImageEffects":true,"showParticleSystems":true},"in2DMode":false,"pivot":{"x":-0.747505784034729,"y":-1.8873693943023682,"z":2.5305182933807375},"rotation":{"x":-0.2967528998851776,"y":0.05524921789765358,"z":-0.017200473695993425,"w":-0.9531996250152588},"size":6.481691360473633,"orthographic":false}