{"cameraMode":{"drawMode":0,"name":"Shaded","section":"Shading Mode"},"sceneLighting":true,"audioPlay":false,"sceneViewState":{"showFog":true,"showMaterialUpdate":false,"showSkybox":true,"showFlares":true,"showImageEffects":true,"showParticleSystems":true},"in2DMode":false,"pivot":{"x":3.391697883605957,"y":-8.112993240356446,"z":-54.814300537109378},"rotation":{"x":-0.0030015124939382078,"y":-0.9959167838096619,"z":0.08266285806894303,"w":-0.03616191819310188},"size":65.73728942871094,"orthographic":false}